N,optimal_η,optimal_obj
5,1.5269322725172283,0.6139064955482192
6,1.3891427526960336,0.5550408693234203
7,1.6318467781761963,0.487897736191175
8,1.5739225878600864,0.4111835801861173
9,1.466586904922715,0.37092507690886467
10,1.3701099693528032,0.3454628041641564
11,1.3042732109147075,0.32653420973429076
12,1.516875237011756,0.3022221390929038
13,1.4537942116035734,0.274235213226381
14,1.3765622169896756,0.2561486863534517
15,1.3141967836762927,0.24281958786223862
16,1.2618296529968454,0.23318430900404907
17,1.4384404277467588,0.22033431371628132
18,1.3871144369410477,0.20652077802212848
19,1.3326319480974929,0.19618452248813584
20,1.2827004219409284,0.1880007505152209
21,1.2391977824881786,0.1814666108555571
22,1.38863511785127,0.17412531596149394
23,1.3468013468013467,0.16592605231984994
24,1.3024850042844902,0.15918519179114052
25,1.263087917566894,0.15346588398755537
26,1.228779304769604,0.1489612597328026
27,1.3554485464597825,0.14412357052281755
28,1.319215413990627,0.13871945179634565
29,1.2827004219409284,0.1339366628904228
30,1.2493835278645404,0.12977330366163953
31,1.220099534435704,0.1263846656831375
32,1.3316979148414227,0.12301220837049108
33,1.3007016943351017,0.11918692668239228
34,1.2685695209480887,0.11563116295534641
35,1.2400065263501385,0.11243762789400197
36,1.2138636000638876,0.10982516846736581
37,1.313742437337943,0.10734625728661151
38,1.2861736334405143,0.10448230456790583
39,1.2580698559841086,0.1017254646008523
40,1.2323658180638886,0.0992073967081881
41,1.2094977401489593,0.09712034252382483
42,1.2995007181451337,0.09523687522131409
43,1.2750822092477014,0.09300546444815565
44,1.2495889510029596,0.09081216661770754
45,1.2263602917446588,0.08876506160422126
46,1.2064258048130039,0.0870665864130009
47,1.2875245646134037,0.08558542824380434
48,1.265569839472457,0.08379544490776634
49,1.2427235267185557,0.08201052714424284
50,1.2214721954355512,0.08031889433732764
